{"cameraMode":{"drawMode":0,"name":"Shaded","section":"Shading Mode"},"sceneLighting":true,"audioPlay":false,"sceneViewState":{"m_AlwaysRefresh":false,"showFog":true,"showSkybox":true,"showFlares":true,"showImageEffects":true,"showParticleSystems":true,"showVisualEffectGraphs":true,"m_FxEnabled":true},"in2DMode":false,"pivot":{"x":0.392961710691452,"y":-0.6146008372306824,"z":10.005884170532227},"rotation":{"x":-0.13263149559497834,"y":0.18090370297431947,"z":-0.024621333926916124,"w":-0.9742245674133301},"size":5.96074104309082,"orthographic":true}